[
	{
		"title": "Abarth 124 Spider Manual",
		"brand": "16396",
		"model": "74336",
		"version": "",
		"bodyType": "2",
		"regFrom": "2016",
		"regTo": "",
		"chFrom": "160",
		"chTo": "180",
		"gearType": "M",
		"country": "",
		"fuelType": "",
		"doorsFrom": "",
		"doorsTo": ""
	},
	{
		"title": "Abarth 124 Spider Automatic",
		"brand": "16396",
		"model": "74336",
		"version": "",
		"bodyType": "2",
		"regFrom": "2016",
		"regTo": "",
		"chFrom": "160",
		"chTo": "180",
		"gearType": "A",
		"country": "",
		"fuelType": "",
		"doorsFrom": "",
		"doorsTo": ""
	}
]